trip_id,origin_node_id,destination_node_id,departure_time_s,mode
t0,n844,n1051,28801,car
t1,n40,n925,28806,car
t2,n765,n898,28806,car
t3,n29,n258,28807,car
t4,n765,n176,28812,car
t5,n1005,n32,28815,car
t6,n848,n843,28818,car
t7,n1188,n1192,28824,car
t8,n967,n673,28825,car
t9,n963,n1142,28826,car
t10,n750,n358,28827,car
t11,n808,n734,28828,car
t12,n611,n269,28831,car
t13,n218,n90,28834,car
t14,n197,n420,28835,car
t15,n1039,n208,28854,car
t16,n560,n142,28859,car
t17,n345,n7,28865,car
t18,n375,n392,28867,car
t19,n162,n352,28869,car
t20,n1005,n136,28877,car
t21,n972,n765,28878,car
t22,n472,n974,28879,car
t23,n986,n923,28882,car
t24,n434,n86,28888,car
t25,n177,n471,28889,car
t26,n117,n64,28889,car
t27,n1078,n62,28890,car
t28,n543,n119,28895,car
t29,n721,n333,28902,car
t30,n771,n922,28906,car
t31,n503,n1075,28906,car
t32,n280,n661,28908,car
t33,n702,n946,28908,car
t34,n693,n947,28910,car
t35,n830,n755,28911,car
t36,n1164,n135,28913,car
t37,n950,n129,28915,car
t38,n726,n511,28920,car
t39,n718,n392,28926,car
t40,n248,n208,28927,car
t41,n278,n343,28928,car
t42,n953,n128,28945,car
t43,n237,n571,28948,car
t44,n491,n322,28950,car
t45,n1156,n220,28951,car
t46,n569,n612,28952,car
t47,n429,n444,28956,car
t48,n758,n613,28966,car
t49,n374,n266,28966,car
t50,n277,n972,28968,car
t51,n180,n130,28975,car
t52,n848,n275,28976,car
t53,n1092,n718,28978,car
t54,n195,n490,28981,car
t55,n148,n1033,28983,car
t56,n601,n1181,28993,car
t57,n775,n1064,29004,car
t58,n684,n694,29008,car
t59,n70,n324,29009,car
t60,n1094,n971,29012,car
t61,n574,n496,29016,car
t62,n61,n829,29020,car
t63,n290,n1195,29033,car
t64,n1183,n337,29039,car
t65,n352,n33,29042,car
t66,n1095,n186,29043,car
t67,n705,n1015,29043,car
t68,n617,n968,29044,car
t69,n1141,n198,29045,car
t70,n617,n250,29047,car
t71,n431,n285,29052,car
t72,n116,n864,29056,car
t73,n946,n1082,29058,car
t74,n273,n246,29062,car
t75,n66,n586,29065,car
t76,n1161,n1018,29069,car
t77,n872,n1100,29069,car
t78,n111,n98,29073,car
t79,n181,n1175,29074,car
t80,n293,n428,29074,car
t81,n395,n811,29075,car
t82,n598,n1141,29082,car
t83,n1053,n350,29084,car
t84,n64,n464,29085,car
t85,n72,n1109,29092,car
t86,n433,n911,29098,car
t87,n22,n610,29099,car
t88,n929,n681,29103,car
t89,n124,n362,29104,car
t90,n880,n359,29110,car
t91,n928,n1174,29110,car
t92,n803,n113,29114,car
t93,n1129,n264,29114,car
t94,n1183,n786,29116,car
t95,n470,n592,29116,car
t96,n153,n1017,29125,car
t97,n1161,n31,29127,car
t98,n601,n279,29141,car
t99,n38,n1169,29147,car
t100,n29,n1014,29149,car
t101,n172,n429,29150,car
t102,n1137,n1187,29152,car
t103,n336,n577,29152,car
t104,n990,n453,29154,car
t105,n721,n976,29156,car
t106,n269,n739,29160,car
t107,n975,n415,29167,car
t108,n413,n60,29168,car
t109,n395,n150,29169,car
t110,n85,n1031,29175,car
t111,n232,n382,29185,car
t112,n401,n983,29187,car
t113,n667,n1029,29191,car
t114,n1173,n398,29194,car
t115,n571,n250,29199,car
t116,n634,n805,29201,car
t117,n670,n750,29207,car
t118,n458,n334,29208,car
t119,n491,n915,29209,car
t120,n88,n342,29210,car
t121,n197,n49,29215,car
t122,n239,n268,29215,car
t123,n303,n142,29227,car
t124,n262,n35,29228,car
t125,n31,n180,29230,car
t126,n22,n991,29232,car
t127,n971,n1178,29235,car
t128,n209,n72,29246,car
t129,n257,n139,29247,car
t130,n1166,n328,29254,car
t131,n1112,n472,29254,car
t132,n309,n365,29260,car
t133,n585,n587,29260,car
t134,n573,n471,29262,car
t135,n706,n1110,29262,car
t136,n160,n1182,29271,car
t137,n115,n1036,29274,car
t138,n189,n656,29280,car
t139,n1149,n578,29284,car
t140,n351,n102,29284,car
t141,n290,n64,29287,car
t142,n456,n1107,29290,car
t143,n1099,n372,29300,car
t144,n1016,n22,29301,car
t145,n461,n228,29307,car
t146,n201,n1192,29309,car
t147,n88,n248,29317,car
t148,n1160,n212,29319,car
t149,n707,n1016,29326,car
t150,n487,n479,29328,car
t151,n683,n692,29339,car
t152,n15,n599,29357,car
t153,n905,n85,29360,car
t154,n469,n174,29373,car
t155,n381,n349,29377,car
t156,n838,n779,29386,car
t157,n304,n253,29398,car
t158,n610,n1082,29405,car
t159,n300,n684,29406,car
t160,n754,n740,29407,car
t161,n678,n106,29408,car
t162,n848,n77,29410,car
t163,n921,n762,29418,car
t164,n384,n861,29429,car
t165,n104,n501,29439,car
t166,n1109,n498,29444,car
t167,n253,n1093,29445,car
t168,n648,n601,29445,car
t169,n971,n392,29445,car
t170,n336,n578,29453,car
t171,n147,n886,29453,car
t172,n468,n1191,29454,car
t173,n1187,n479,29456,car
t174,n268,n1189,29464,car
t175,n381,n1035,29464,car
t176,n783,n862,29465,car
t177,n57,n281,29466,car
t178,n992,n517,29469,car
t179,n761,n230,29471,car
t180,n271,n573,29472,car
t181,n782,n1002,29475,car
t182,n397,n858,29479,car
t183,n239,n948,29482,car
t184,n1007,n322,29485,car
t185,n225,n53,29491,car
t186,n409,n1144,29502,car
t187,n625,n1045,29504,car
t188,n369,n279,29516,car
t189,n1055,n504,29517,car
t190,n1138,n834,29520,car
t191,n62,n779,29522,car
t192,n114,n1018,29527,car
t193,n341,n18,29529,car
t194,n440,n1098,29530,car
t195,n1167,n1132,29536,car
t196,n830,n7,29537,car
t197,n503,n228,29539,car
t198,n538,n911,29540,car
t199,n151,n972,29540,car
t200,n829,n386,29545,car
t201,n693,n28,29547,car
t202,n970,n585,29549,car
t203,n161,n430,29555,car
t204,n490,n781,29561,car
t205,n59,n113,29563,car
t206,n1144,n1110,29565,car
t207,n226,n314,29568,car
t208,n384,n382,29569,car
t209,n1035,n1093,29571,car
t210,n83,n1156,29576,car
t211,n1045,n592,29581,car
t212,n755,n654,29584,car
t213,n924,n16,29593,car
t214,n960,n67,29595,car
t215,n701,n253,29600,car
t216,n748,n155,29608,car
t217,n449,n975,29613,car
t218,n721,n1051,29613,car
t219,n438,n358,29618,car
t220,n478,n254,29622,car
t221,n1132,n922,29622,car
t222,n182,n594,29623,car
t223,n945,n126,29629,car
t224,n836,n346,29629,car
t225,n1080,n603,29633,car
t226,n1167,n434,29639,car
t227,n1121,n714,29647,car
t228,n1138,n510,29650,car
t229,n617,n550,29650,car
t230,n323,n771,29659,car
t231,n1005,n963,29661,car
t232,n287,n1111,29663,car
t233,n581,n298,29664,car
t234,n359,n15,29664,car
t235,n1,n989,29676,car
t236,n72,n704,29679,car
t237,n261,n377,29680,car
t238,n363,n932,29681,car
t239,n782,n521,29684,car
t240,n1151,n700,29685,car
t241,n684,n1080,29686,car
t242,n822,n1075,29687,car
t243,n19,n192,29690,car
t244,n989,n660,29691,car
t245,n233,n1045,29703,car
t246,n719,n1005,29711,car
t247,n217,n396,29720,car
t248,n69,n630,29721,car
t249,n293,n332,29722,car
t250,n1157,n657,29723,car
t251,n495,n63,29724,car
t252,n762,n100,29728,car
t253,n407,n690,29732,car
t254,n292,n1076,29743,car
t255,n963,n309,29761,car
t256,n506,n434,29764,car
t257,n1091,n610,29765,car
t258,n969,n171,29770,car
t259,n903,n113,29772,car
t260,n691,n990,29776,car
t261,n427,n219,29780,car
t262,n1196,n320,29780,car
t263,n325,n914,29783,car
t264,n418,n700,29784,car
t265,n1177,n593,29791,car
t266,n244,n355,29794,car
t267,n815,n813,29795,car
t268,n88,n568,29796,car
t269,n330,n825,29798,car
t270,n1166,n231,29803,car
t271,n295,n1104,29805,car
t272,n117,n51,29809,car
t273,n270,n916,29817,car
t274,n994,n822,29823,car
t275,n406,n85,29823,car
t276,n971,n133,29824,car
t277,n1035,n939,29825,car
t278,n1194,n386,29829,car
t279,n373,n1002,29830,car
t280,n351,n979,29833,car
t281,n434,n84,29839,car
t282,n396,n127,29841,car
t283,n1143,n906,29841,car
t284,n1127,n392,29846,car
t285,n78,n719,29850,car
t286,n201,n898,29853,car
t287,n1032,n353,29855,car
t288,n875,n1084,29868,car
t289,n884,n678,29869,car
t290,n1171,n198,29869,car
t291,n547,n395,29870,car
t292,n84,n508,29872,car
t293,n669,n895,29875,car
t294,n22,n314,29875,car
t295,n27,n661,29888,car
t296,n94,n753,29889,car
t297,n196,n1033,29899,car
t298,n12,n102,29904,car
t299,n886,n678,29908,car
t300,n32,n1161,29909,car
t301,n1183,n905,29911,car
t302,n1187,n446,29911,car
t303,n656,n410,29918,car
t304,n304,n8,29918,car
t305,n259,n256,29927,car
t306,n320,n588,29950,car
t307,n1036,n200,29952,car
t308,n125,n906,29958,car
t309,n895,n544,29958,car
t310,n604,n1032,29960,car
t311,n263,n1075,29962,car
t312,n1169,n851,29963,car
t313,n470,n630,29965,car
t314,n961,n144,29966,car
t315,n0,n1013,29966,car
t316,n611,n595,29967,car
t317,n268,n1162,29968,car
t318,n626,n845,29969,car
t319,n516,n229,29970,car
t320,n411,n978,29978,car
t321,n462,n478,29979,car
t322,n867,n1158,29980,car
t323,n999,n90,29980,car
t324,n934,n969,29995,car
t325,n160,n522,30002,car
t326,n331,n1115,30007,car
t327,n400,n714,30008,car
t328,n1012,n537,30009,car
t329,n771,n158,30010,car
t330,n783,n227,30012,car
t331,n521,n800,30014,car
t332,n464,n621,30017,car
t333,n706,n567,30024,car
t334,n999,n1168,30027,car
t335,n844,n896,30028,car
t336,n54,n1172,30028,car
t337,n402,n878,30044,car
t338,n808,n395,30056,car
t339,n446,n113,30057,car
t340,n180,n1128,30060,car
t341,n23,n90,30061,car
t342,n411,n835,30063,car
t343,n450,n33,30072,car
t344,n694,n690,30075,car
t345,n809,n1158,30082,car
t346,n581,n916,30085,car
t347,n282,n1037,30086,car
t348,n857,n170,30088,car
t349,n589,n765,30090,car
t350,n1178,n1035,30092,car
t351,n891,n729,30100,car
t352,n1103,n863,30108,car
t353,n1080,n693,30112,car
t354,n1166,n765,30113,car
t355,n561,n1195,30117,car
t356,n1033,n959,30118,car
t357,n506,n1175,30120,car
t358,n765,n704,30121,car
t359,n498,n31,30126,car
t360,n1120,n28,30133,car
t361,n467,n1043,30134,car
t362,n87,n663,30135,car
t363,n103,n84,30138,car
t364,n808,n529,30143,car
t365,n216,n1088,30143,car
t366,n236,n1171,30145,car
t367,n106,n976,30149,car
t368,n16,n931,30150,car
t369,n539,n940,30153,car
t370,n80,n34,30156,car
t371,n521,n929,30156,car
t372,n1004,n1121,30164,car
t373,n778,n198,30164,car
t374,n216,n262,30167,car
t375,n1056,n1179,30167,car
t376,n645,n809,30173,car
t377,n959,n941,30179,car
t378,n113,n1067,30179,car
t379,n405,n160,30179,car
t380,n501,n230,30184,car
t381,n1067,n114,30184,car
t382,n1009,n31,30189,car
t383,n638,n681,30190,car
t384,n7,n354,30194,car
t385,n450,n142,30196,car
t386,n292,n595,30196,car
t387,n90,n224,30204,car
t388,n418,n990,30206,car
t389,n441,n459,30213,car
t390,n992,n809,30222,car
t391,n325,n326,30227,car
t392,n1069,n825,30228,car
t393,n371,n98,30228,car
t394,n163,n786,30234,car
t395,n638,n1025,30242,car
t396,n103,n549,30247,car
t397,n188,n1138,30250,car
t398,n222,n951,30251,car
t399,n410,n136,30252,car
t400,n63,n692,30254,car
t401,n72,n897,30256,car
t402,n1049,n773,30261,car
t403,n1143,n93,30264,car
t404,n1047,n371,30268,car
t405,n506,n89,30272,car
t406,n990,n280,30272,car
t407,n621,n863,30273,car
t408,n619,n550,30277,car
t409,n205,n1091,30280,car
t410,n499,n712,30282,car
t411,n760,n921,30293,car
t412,n203,n244,30296,car
t413,n543,n558,30297,car
t414,n1069,n622,30298,car
t415,n244,n176,30304,car
t416,n1178,n124,30304,car
t417,n357,n320,30306,car
t418,n911,n716,30308,car
t419,n315,n47,30310,car
t420,n113,n863,30310,car
t421,n325,n1033,30310,car
t422,n1033,n951,30319,car
t423,n633,n205,30326,car
t424,n332,n435,30328,car
t425,n480,n43,30332,car
t426,n115,n922,30341,car
t427,n122,n998,30341,car
t428,n278,n531,30357,car
t429,n388,n1143,30357,car
t430,n441,n860,30359,car
t431,n310,n313,30359,car
t432,n446,n192,30362,car
t433,n352,n29,30367,car
t434,n1069,n609,30367,car
t435,n243,n967,30376,car
t436,n274,n1153,30381,car
t437,n1179,n192,30381,car
t438,n414,n278,30381,car
t439,n583,n398,30384,car
t440,n596,n463,30391,car
t441,n463,n310,30392,car
t442,n934,n276,30395,car
t443,n719,n198,30396,car
t444,n500,n282,30398,car
t445,n552,n157,30402,car
t446,n480,n449,30402,car
t447,n137,n1120,30407,car
t448,n282,n93,30409,car
t449,n845,n892,30410,car
t450,n457,n417,30414,car
t451,n775,n1004,30429,car
t452,n100,n948,30432,car
t453,n1192,n959,30432,car
t454,n1153,n334,30433,car
t455,n135,n649,30436,car
t456,n1032,n481,30436,car
t457,n540,n54,30439,car
t458,n751,n149,30440,car
t459,n981,n755,30441,car
t460,n632,n211,30441,car
t461,n584,n622,30444,car
t462,n130,n667,30450,car
t463,n723,n734,30455,car
t464,n720,n829,30465,car
t465,n833,n1165,30465,car
t466,n838,n765,30470,car
t467,n723,n498,30470,car
t468,n449,n1094,30472,car
t469,n907,n435,30473,car
t470,n148,n216,30482,car
t471,n1019,n279,30483,car
t472,n410,n402,30486,car
t473,n652,n388,30487,car
t474,n618,n311,30490,car
t475,n1161,n1115,30504,car
t476,n196,n278,30505,car
t477,n590,n1187,30507,car
t478,n464,n949,30511,car
t479,n311,n297,30513,car
t480,n110,n793,30518,car
t481,n367,n415,30521,car
t482,n1047,n1159,30523,car
t483,n826,n671,30526,car
t484,n490,n882,30530,car
t485,n1087,n182,30540,car
t486,n126,n1181,30548,car
t487,n466,n66,30552,car
t488,n1100,n15,30552,car
t489,n972,n417,30552,car
t490,n419,n959,30553,car
t491,n1179,n917,30553,car
t492,n193,n320,30557,car
t493,n962,n781,30559,car
t494,n960,n450,30563,car
t495,n659,n749,30564,car
t496,n202,n1005,30566,car
t497,n651,n229,30581,car
t498,n559,n792,30582,car
t499,n538,n780,30587,car
t500,n457,n1129,30594,car
t501,n1032,n224,30600,car
t502,n340,n634,30605,car
t503,n960,n973,30613,car
t504,n623,n616,30613,car
t505,n671,n1144,30619,car
t506,n1009,n829,30633,car
t507,n936,n519,30634,car
t508,n833,n864,30636,car
t509,n48,n451,30636,car
t510,n854,n1016,30637,car
t511,n582,n554,30640,car
t512,n576,n519,30641,car
t513,n917,n226,30651,car
t514,n1033,n1116,30652,car
t515,n230,n68,30661,car
t516,n1149,n336,30661,car
t517,n357,n487,30666,car
t518,n1040,n1081,30668,car
t519,n170,n516,30669,car
t520,n84,n708,30671,car
t521,n543,n279,30674,car
t522,n934,n952,30677,car
t523,n335,n1150,30680,car
t524,n390,n36,30683,car
t525,n886,n465,30688,car
t526,n537,n1194,30692,car
t527,n577,n453,30693,car
t528,n41,n374,30702,car
t529,n516,n1124,30704,car
t530,n1126,n531,30706,car
t531,n597,n207,30706,car
t532,n516,n770,30707,car
t533,n27,n940,30710,car
t534,n397,n959,30711,car
t535,n504,n359,30712,car
t536,n1030,n555,30713,car
t537,n994,n802,30717,car
t538,n397,n23,30719,car
t539,n1194,n395,30721,car
t540,n1141,n434,30732,car
t541,n765,n1165,30736,car
t542,n82,n1109,30738,car
t543,n381,n1121,30746,car
t544,n430,n226,30751,car
t545,n97,n370,30754,car
t546,n1099,n827,30765,car
t547,n595,n684,30768,car
t548,n342,n492,30768,car
t549,n749,n919,30771,car
t550,n702,n196,30771,car
t551,n436,n433,30775,car
t552,n194,n568,30777,car
t553,n1189,n1191,30777,car
t554,n264,n635,30779,car
t555,n137,n157,30780,car
t556,n468,n291,30788,car
t557,n951,n1176,30793,car
t558,n314,n1163,30800,car
t559,n900,n432,30814,car
t560,n617,n956,30822,car
t561,n417,n494,30822,car
t562,n692,n567,30824,car
t563,n566,n482,30834,car
t564,n305,n980,30834,car
t565,n621,n1131,30844,car
t566,n148,n714,30856,car
t567,n1015,n684,30861,car
t568,n588,n852,30869,car
t569,n898,n589,30876,car
t570,n895,n358,30880,car
t571,n1108,n775,30882,car
t572,n819,n808,30883,car
t573,n409,n853,30885,car
t574,n177,n312,30887,car
t575,n980,n8,30894,car
t576,n863,n594,30903,car
t577,n433,n338,30906,car
t578,n341,n53,30909,car
t579,n1163,n110,30910,car
t580,n828,n160,30913,car
t581,n392,n645,30914,car
t582,n433,n872,30915,car
t583,n339,n133,30927,car
t584,n448,n144,30942,car
t585,n955,n864,30954,car
t586,n345,n588,30958,car
t587,n921,n1139,30959,car
t588,n620,n80,30961,car
t589,n787,n932,30962,car
t590,n1160,n197,30962,car
t591,n233,n453,30970,car
t592,n900,n943,30970,car
t593,n277,n376,30971,car
t594,n896,n1120,30977,car
t595,n14,n715,30980,car
t596,n1084,n2,30990,car
t597,n685,n692,30992,car
t598,n1123,n438,30992,car
t599,n1112,n1082,30994,car
t600,n1032,n1187,30998,car
t601,n244,n86,31006,car
t602,n42,n352,31008,car
t603,n527,n727,31010,car
t604,n271,n857,31015,car
t605,n813,n1008,31021,car
t606,n928,n450,31021,car
t607,n319,n510,31026,car
t608,n71,n798,31041,car
t609,n610,n175,31046,car
t610,n294,n175,31047,car
t611,n60,n653,31049,car
t612,n345,n558,31051,car
t613,n288,n277,31053,car
t614,n408,n149,31061,car
t615,n579,n433,31062,car
t616,n193,n1061,31071,car
t617,n275,n1132,31078,car
t618,n1005,n480,31087,car
t619,n268,n178,31091,car
t620,n854,n228,31093,car
t621,n682,n596,31105,car
t622,n298,n980,31109,car
t623,n451,n207,31111,car
t624,n77,n448,31119,car
t625,n1080,n895,31127,car
t626,n1080,n1102,31131,car
t627,n979,n359,31132,car
t628,n559,n951,31134,car
t629,n324,n441,31135,car
t630,n262,n422,31139,car
t631,n21,n1076,31148,car
t632,n906,n710,31156,car
t633,n323,n321,31160,car
t634,n507,n898,31171,car
t635,n723,n1043,31179,car
t636,n207,n1020,31182,car
t637,n468,n801,31186,car
t638,n97,n703,31187,car
t639,n63,n585,31187,car
t640,n372,n592,31188,car
t641,n220,n287,31190,car
t642,n37,n1065,31193,car
t643,n911,n1144,31197,car
t644,n22,n350,31201,car
t645,n1189,n1056,31203,car
t646,n1111,n162,31215,car
t647,n33,n32,31216,car
t648,n861,n774,31221,car
t649,n854,n843,31223,car
t650,n619,n248,31226,car
t651,n1043,n590,31226,car
t652,n667,n1128,31231,car
t653,n487,n410,31235,car
t654,n945,n135,31246,car
t655,n569,n1006,31248,car
t656,n474,n48,31248,car
t657,n245,n478,31258,car
t658,n243,n976,31260,car
t659,n748,n311,31260,car
t660,n119,n922,31265,car
t661,n509,n428,31267,car
t662,n206,n742,31270,car
t663,n424,n354,31276,car
t664,n102,n1045,31278,car
t665,n221,n277,31278,car
t666,n294,n818,31279,car
t667,n999,n1195,31283,car
t668,n519,n159,31296,car
t669,n40,n209,31297,car
t670,n498,n570,31298,car
t671,n557,n368,31299,car
t672,n960,n962,31300,car
t673,n282,n985,31305,car
t674,n996,n981,31315,car
t675,n320,n439,31317,car
t676,n313,n443,31322,car
t677,n463,n424,31323,car
t678,n56,n1140,31327,car
t679,n521,n397,31330,car
t680,n926,n1078,31334,car
t681,n1123,n472,31335,car
t682,n1183,n11,31335,car
t683,n1075,n803,31340,car
t684,n449,n1146,31342,car
t685,n586,n975,31342,car
t686,n261,n513,31345,car
t687,n1085,n1025,31346,car
t688,n682,n821,31346,car
t689,n198,n771,31349,car
t690,n988,n827,31354,car
t691,n586,n75,31358,car
t692,n1101,n964,31360,car
t693,n940,n226,31367,car
t694,n156,n1132,31370,car
t695,n448,n1131,31371,car
t696,n545,n1168,31371,car
t697,n188,n987,31388,car
t698,n247,n169,31393,car
t699,n415,n364,31395,car
t700,n162,n459,31396,car
t701,n260,n438,31396,car
t702,n596,n820,31397,car
t703,n757,n1186,31397,car
t704,n353,n415,31400,car
t705,n475,n745,31402,car
t706,n1098,n790,31404,car
t707,n640,n4,31409,car
t708,n254,n487,31411,car
t709,n975,n288,31412,car
t710,n778,n68,31412,car
t711,n448,n1134,31415,car
t712,n1028,n807,31416,car
t713,n364,n223,31420,car
t714,n369,n648,31421,car
t715,n537,n248,31422,car
t716,n505,n202,31422,car
t717,n973,n218,31423,car
t718,n638,n410,31430,car
t719,n707,n36,31432,car
t720,n587,n1068,31432,car
t721,n387,n71,31433,car
t722,n1076,n1194,31436,car
t723,n678,n1031,31437,car
t724,n563,n237,31441,car
t725,n276,n961,31441,car
t726,n861,n1057,31443,car
t727,n810,n880,31443,car
t728,n392,n804,31455,car
t729,n413,n841,31456,car
t730,n304,n232,31456,car
t731,n109,n304,31459,car
t732,n98,n477,31467,car
t733,n637,n461,31469,car
t734,n125,n884,31471,car
t735,n118,n510,31476,car
t736,n282,n553,31480,car
t737,n1040,n700,31480,car
t738,n893,n1147,31483,car
t739,n960,n617,31485,car
t740,n690,n199,31488,car
t741,n612,n925,31490,car
t742,n726,n14,31491,car
t743,n174,n801,31492,car
t744,n159,n43,31495,car
t745,n595,n98,31497,car
t746,n1053,n439,31499,car
t747,n1170,n716,31501,car
t748,n298,n797,31503,car
t749,n255,n1085,31508,car
t750,n349,n330,31510,car
t751,n430,n318,31512,car
t752,n137,n495,31527,car
t753,n616,n645,31535,car
t754,n1170,n84,31535,car
t755,n1122,n594,31539,car
t756,n34,n807,31540,car
t757,n493,n365,31541,car
t758,n82,n75,31541,car
t759,n627,n626,31545,car
t760,n919,n33,31554,car
t761,n156,n2,31561,car
t762,n472,n195,31568,car
t763,n151,n667,31573,car
t764,n540,n748,31574,car
t765,n918,n919,31576,car
t766,n415,n401,31576,car
t767,n96,n297,31577,car
t768,n87,n459,31586,car
t769,n999,n90,31586,car
t770,n112,n735,31592,car
t771,n714,n705,31598,car
t772,n580,n421,31607,car
t773,n391,n182,31614,car
t774,n485,n912,31614,car
t775,n993,n1009,31615,car
t776,n670,n896,31622,car
t777,n1085,n707,31623,car
t778,n426,n936,31625,car
t779,n100,n8,31626,car
t780,n731,n296,31628,car
t781,n741,n43,31635,car
t782,n686,n1187,31636,car
t783,n324,n1046,31639,car
t784,n980,n567,31640,car
t785,n575,n32,31642,car
t786,n1047,n950,31643,car
t787,n1001,n889,31646,car
t788,n555,n384,31647,car
t789,n791,n88,31651,car
t790,n1176,n939,31653,car
t791,n966,n343,31661,car
t792,n306,n219,31667,car
t793,n37,n788,31673,car
t794,n497,n56,31676,car
t795,n1056,n226,31678,car
t796,n112,n68,31681,car
t797,n1040,n149,31689,car
t798,n1087,n331,31692,car
t799,n454,n443,31693,car
t800,n209,n331,31694,car
t801,n1142,n914,31694,car
t802,n272,n88,31696,car
t803,n269,n267,31698,car
t804,n964,n1149,31706,car
t805,n174,n646,31706,car
t806,n22,n906,31713,car
t807,n199,n60,31716,car
t808,n1083,n322,31720,car
t809,n1128,n138,31724,car
t810,n459,n1149,31724,car
t811,n243,n193,31731,car
t812,n637,n135,31733,car
t813,n609,n960,31735,car
t814,n466,n41,31735,car
t815,n423,n1184,31738,car
t816,n457,n340,31745,car
t817,n226,n1139,31747,car
t818,n1186,n281,31750,car
t819,n202,n157,31752,car
t820,n290,n100,31756,car
t821,n165,n429,31757,car
t822,n33,n163,31759,car
t823,n460,n1100,31764,car
t824,n550,n344,31764,car
t825,n530,n186,31765,car
t826,n333,n24,31769,car
t827,n208,n985,31771,car
t828,n470,n231,31773,car
t829,n41,n204,31779,car
t830,n653,n583,31785,car
t831,n225,n408,31787,car
t832,n304,n477,31790,car
t833,n1021,n432,31793,car
t834,n911,n844,31797,car
t835,n812,n817,31798,car
t836,n67,n207,31801,car
t837,n141,n972,31802,car
t838,n985,n453,31813,car
t839,n606,n980,31815,car
t840,n520,n923,31816,car
t841,n719,n711,31824,car
t842,n292,n266,31825,car
t843,n282,n348,31828,car
t844,n231,n437,31828,car
t845,n359,n1015,31829,car
t846,n247,n255,31830,car
t847,n904,n644,31832,car
t848,n627,n631,31832,car
t849,n171,n1029,31836,car
t850,n1091,n474,31847,car
t851,n586,n538,31849,car
t852,n169,n982,31851,car
t853,n1161,n1017,31862,car
t854,n598,n550,31862,car
t855,n300,n470,31863,car
t856,n674,n113,31865,car
t857,n935,n973,31870,car
t858,n624,n784,31876,car
t859,n233,n983,31885,car
t860,n601,n1047,31887,car
t861,n289,n336,31889,car
t862,n737,n1100,31895,car
t863,n529,n635,31896,car
t864,n98,n538,31900,car
t865,n408,n11,31901,car
t866,n361,n1113,31913,car
t867,n245,n1056,31913,car
t868,n537,n1122,31914,car
t869,n725,n642,31917,car
t870,n574,n13,31922,car
t871,n193,n976,31931,car
t872,n771,n1100,31931,car
t873,n522,n142,31933,car
t874,n633,n1045,31934,car
t875,n595,n1183,31939,car
t876,n722,n17,31947,car
t877,n770,n23,31953,car
t878,n338,n459,31953,car
t879,n1143,n721,31955,car
t880,n691,n672,31956,car
t881,n725,n726,31957,car
t882,n1103,n565,31958,car
t883,n139,n145,31958,car
t884,n1133,n1048,31964,car
t885,n408,n843,31964,car
t886,n1144,n523,31965,car
t887,n412,n259,31966,car
t888,n487,n379,31968,car
t889,n797,n490,31968,car
t890,n674,n788,31969,car
t891,n460,n385,31969,car
t892,n461,n83,31982,car
t893,n67,n141,31983,car
t894,n1130,n351,31990,car
t895,n1098,n786,31991,car
t896,n541,n611,31993,car
t897,n278,n449,31997,car
t898,n428,n1149,32007,car
t899,n30,n146,32009,car
t900,n432,n828,32009,car
t901,n1183,n582,32010,car
t902,n258,n911,32013,car
t903,n273,n1154,32014,car
t904,n142,n1083,32016,car
t905,n658,n134,32020,car
t906,n229,n116,32020,car
t907,n852,n976,32025,car
t908,n209,n63,32034,car
t909,n33,n909,32035,car
t910,n583,n770,32039,car
t911,n599,n915,32041,car
t912,n453,n243,32045,car
t913,n761,n614,32051,car
t914,n93,n632,32054,car
t915,n660,n968,32056,car
t916,n936,n463,32057,car
t917,n723,n1143,32061,car
t918,n93,n933,32061,car
t919,n672,n254,32062,car
t920,n323,n342,32062,car
t921,n475,n747,32067,car
t922,n521,n575,32068,car
t923,n660,n725,32069,car
t924,n337,n1168,32081,car
t925,n154,n1131,32084,car
t926,n403,n989,32084,car
t927,n675,n336,32086,car
t928,n87,n1056,32093,car
t929,n1181,n166,32096,car
t930,n601,n437,32098,car
t931,n630,n979,32099,car
t932,n773,n1109,32109,car
t933,n43,n556,32114,car
t934,n1052,n128,32115,car
t935,n945,n671,32116,car
t936,n249,n969,32118,car
t937,n157,n995,32118,car
t938,n954,n1046,32121,car
t939,n574,n579,32122,car
t940,n113,n371,32126,car
t941,n529,n217,32126,car
t942,n984,n1198,32130,car
t943,n1041,n1160,32135,car
t944,n287,n276,32136,car
t945,n809,n352,32138,car
t946,n510,n582,32142,car
t947,n286,n429,32144,car
t948,n50,n135,32157,car
t949,n63,n648,32167,car
t950,n401,n501,32174,car
t951,n358,n663,32176,car
t952,n151,n123,32193,car
t953,n390,n601,32194,car
t954,n928,n1174,32196,car
t955,n529,n1056,32196,car
t956,n622,n213,32199,car
t957,n1186,n55,32212,car
t958,n517,n304,32213,car
t959,n599,n85,32219,car
t960,n777,n273,32222,car
t961,n428,n785,32223,car
t962,n954,n63,32224,car
t963,n1075,n745,32225,car
t964,n959,n68,32231,car
t965,n772,n111,32233,car
t966,n395,n869,32233,car
t967,n119,n554,32234,car
t968,n174,n1103,32237,car
t969,n444,n841,32237,car
t970,n1102,n988,32240,car
t971,n134,n220,32252,car
t972,n600,n332,32252,car
t973,n413,n557,32252,car
t974,n556,n648,32255,car
t975,n136,n11,32257,car
t976,n85,n244,32265,car
t977,n519,n146,32268,car
t978,n374,n218,32273,car
t979,n511,n699,32274,car
t980,n1019,n706,32275,car
t981,n1191,n719,32289,car
t982,n543,n277,32304,car
t983,n1047,n721,32307,car
t984,n1154,n1081,32308,car
t985,n82,n729,32311,car
t986,n839,n409,32316,car
t987,n418,n92,32319,car
t988,n915,n584,32321,car
t989,n369,n578,32323,car
t990,n146,n918,32335,car
t991,n263,n1086,32338,car
t992,n75,n723,32342,car
t993,n962,n360,32343,car
t994,n803,n772,32349,car
t995,n1140,n371,32350,car
t996,n67,n919,32350,car
t997,n22,n1168,32354,car
t998,n900,n1102,32354,car
t999,n531,n469,32359,car
t1000,n328,n343,32364,car
t1001,n1037,n288,32368,car
t1002,n847,n688,32369,car
t1003,n195,n1051,32369,car
t1004,n211,n311,32380,car
t1005,n1117,n740,32386,car
t1006,n1174,n549,32387,car
t1007,n109,n57,32389,car
t1008,n269,n104,32396,car
t1009,n218,n276,32400,car
t1010,n1177,n974,32402,car
t1011,n92,n350,32402,car
t1012,n162,n921,32404,car
t1013,n1071,n1050,32405,car
t1014,n811,n420,32409,car
t1015,n451,n216,32415,car
t1016,n579,n337,32417,car
t1017,n518,n178,32419,car
t1018,n690,n366,32428,car
t1019,n216,n1088,32428,car
t1020,n410,n1024,32429,car
t1021,n648,n475,32434,car
t1022,n726,n996,32446,car
t1023,n1015,n1076,32448,car
t1024,n246,n965,32449,car
t1025,n12,n34,32449,car
t1026,n202,n494,32450,car
t1027,n686,n267,32457,car
t1028,n1094,n660,32462,car
t1029,n1045,n1008,32463,car
t1030,n77,n950,32468,car
t1031,n851,n11,32472,car
t1032,n1183,n435,32477,car
t1033,n807,n813,32479,car
t1034,n944,n1187,32483,car
t1035,n351,n1084,32487,car
t1036,n117,n834,32487,car
t1037,n707,n21,32487,car
t1038,n44,n121,32491,car
t1039,n965,n191,32498,car
t1040,n577,n609,32505,car
t1041,n210,n758,32512,car
t1042,n777,n511,32512,car
t1043,n1037,n684,32516,car
t1044,n86,n272,32523,car
t1045,n259,n191,32525,car
t1046,n220,n962,32525,car
t1047,n440,n790,32527,car
t1048,n1079,n963,32527,car
t1049,n596,n641,32530,car
t1050,n646,n1192,32531,car
t1051,n47,n40,32532,car
t1052,n864,n570,32534,car
t1053,n1038,n1173,32549,car
t1054,n347,n551,32553,car
t1055,n495,n909,32558,car
t1056,n1061,n1063,32559,car
t1057,n52,n213,32559,car
t1058,n856,n1140,32571,car
t1059,n622,n481,32572,car
t1060,n401,n675,32575,car
t1061,n1018,n805,32578,car
t1062,n1026,n34,32583,car
t1063,n425,n440,32585,car
t1064,n118,n990,32589,car
t1065,n452,n959,32589,car
t1066,n13,n565,32591,car
t1067,n669,n1148,32591,car
t1068,n820,n777,32593,car
t1069,n809,n810,32595,car
t1070,n123,n610,32602,car
t1071,n833,n1050,32602,car
t1072,n603,n500,32610,car
t1073,n740,n798,32617,car
t1074,n1065,n164,32619,car
t1075,n653,n83,32621,car
t1076,n103,n638,32621,car
t1077,n595,n38,32626,car
t1078,n603,n135,32627,car
t1079,n256,n428,32628,car
t1080,n322,n348,32628,car
t1081,n898,n1040,32629,car
t1082,n1129,n928,32630,car
t1083,n415,n367,32630,car
t1084,n735,n1041,32635,car
t1085,n658,n99,32639,car
t1086,n736,n856,32646,car
t1087,n96,n275,32653,car
t1088,n867,n471,32659,car
t1089,n1003,n652,32666,car
t1090,n620,n344,32667,car
t1091,n552,n355,32672,car
t1092,n725,n575,32676,car
t1093,n650,n164,32684,car
t1094,n53,n570,32710,car
t1095,n611,n102,32718,car
t1096,n668,n701,32727,car
t1097,n1113,n266,32729,car
t1098,n1120,n898,32732,car
t1099,n8,n48,32732,car
t1100,n719,n653,32741,car
t1101,n548,n208,32743,car
t1102,n89,n998,32743,car
t1103,n906,n18,32745,car
t1104,n1155,n351,32747,car
t1105,n1198,n456,32749,car
t1106,n848,n525,32751,car
t1107,n252,n478,32752,car
t1108,n834,n592,32768,car
t1109,n8,n665,32769,car
t1110,n210,n896,32769,car
t1111,n1056,n460,32770,car
t1112,n967,n435,32775,car
t1113,n103,n408,32775,car
t1114,n19,n1168,32779,car
t1115,n316,n262,32782,car
t1116,n384,n350,32783,car
t1117,n961,n225,32787,car
t1118,n330,n893,32788,car
t1119,n635,n768,32789,car
t1120,n820,n93,32789,car
t1121,n1171,n627,32794,car
t1122,n837,n1120,32795,car
t1123,n434,n270,32795,car
t1124,n523,n571,32797,car
t1125,n463,n308,32807,car
t1126,n1015,n682,32813,car
t1127,n273,n994,32813,car
t1128,n914,n1148,32817,car
t1129,n64,n220,32821,car
t1130,n310,n43,32826,car
t1131,n384,n364,32833,car
t1132,n280,n67,32835,car
t1133,n975,n995,32839,car
t1134,n1040,n864,32843,car
t1135,n323,n919,32844,car
t1136,n1149,n243,32846,car
t1137,n738,n184,32847,car
t1138,n589,n21,32861,car
t1139,n304,n675,32862,car
t1140,n327,n725,32864,car
t1141,n541,n149,32867,car
t1142,n961,n137,32878,car
t1143,n1090,n77,32880,car
t1144,n269,n621,32881,car
t1145,n805,n712,32886,car
t1146,n63,n369,32889,car
t1147,n248,n648,32892,car
t1148,n632,n339,32901,car
t1149,n544,n468,32903,car
t1150,n56,n96,32905,car
t1151,n51,n421,32912,car
t1152,n15,n726,32914,car
t1153,n445,n536,32916,car
t1154,n72,n196,32917,car
t1155,n680,n1146,32918,car
t1156,n661,n973,32924,car
t1157,n174,n389,32925,car
t1158,n590,n139,32926,car
t1159,n448,n552,32927,car
t1160,n52,n687,32927,car
t1161,n739,n115,32933,car
t1162,n216,n188,32941,car
t1163,n654,n903,32943,car
t1164,n895,n691,32950,car
t1165,n598,n259,32963,car
t1166,n855,n728,32984,car
t1167,n133,n1103,32986,car
t1168,n451,n427,32987,car
t1169,n950,n535,32990,car
t1170,n839,n673,32992,car
t1171,n1191,n818,32992,car
t1172,n132,n1134,32994,car
t1173,n751,n666,32995,car
t1174,n1066,n1015,33004,car
t1175,n586,n948,33011,car
t1176,n400,n794,33015,car
t1177,n962,n193,33016,car
t1178,n1008,n901,33016,car
t1179,n519,n538,33016,car
t1180,n432,n652,33018,car
t1181,n719,n174,33018,car
t1182,n131,n612,33019,car
t1183,n633,n798,33020,car
t1184,n1198,n654,33021,car
t1185,n950,n555,33022,car
t1186,n135,n1158,33027,car
t1187,n443,n1154,33030,car
t1188,n823,n217,33030,car
t1189,n98,n917,33035,car
t1190,n985,n13,33039,car
t1191,n603,n308,33041,car
t1192,n155,n349,33041,car
t1193,n740,n560,33051,car
t1194,n518,n649,33056,car
t1195,n1117,n110,33058,car
t1196,n768,n1116,33062,car
t1197,n914,n202,33078,car
t1198,n911,n710,33079,car
t1199,n1172,n40,33081,car
t1200,n681,n93,33083,car
t1201,n113,n1157,33086,car
t1202,n1029,n87,33093,car
t1203,n430,n563,33093,car
t1204,n79,n338,33099,car
t1205,n1100,n790,33103,car
t1206,n269,n422,33103,car
t1207,n25,n88,33104,car
t1208,n900,n8,33110,car
t1209,n560,n671,33111,car
t1210,n22,n552,33113,car
t1211,n407,n754,33114,car
t1212,n806,n663,33134,car
t1213,n507,n343,33135,car
t1214,n451,n111,33138,car
t1215,n50,n157,33141,car
t1216,n495,n1092,33149,car
t1217,n1140,n33,33155,car
t1218,n344,n546,33169,car
t1219,n843,n207,33173,car
t1220,n757,n1170,33176,car
t1221,n811,n698,33179,car
t1222,n91,n437,33185,car
t1223,n790,n433,33186,car
t1224,n844,n899,33186,car
t1225,n816,n1190,33189,car
t1226,n320,n1136,33198,car
t1227,n908,n110,33198,car
t1228,n745,n955,33199,car
t1229,n848,n855,33205,car
t1230,n649,n715,33212,car
t1231,n538,n795,33213,car
t1232,n551,n65,33220,car
t1233,n234,n460,33229,car
t1234,n19,n909,33237,car
t1235,n601,n306,33240,car
t1236,n685,n1156,33246,car
t1237,n405,n329,33256,car
t1238,n164,n428,33263,car
t1239,n327,n422,33265,car
t1240,n288,n915,33272,car
t1241,n75,n209,33273,car
t1242,n601,n415,33279,car
t1243,n384,n519,33293,car
t1244,n423,n1094,33293,car
t1245,n481,n931,33296,car
t1246,n816,n811,33301,car
t1247,n488,n486,33314,car
t1248,n97,n940,33322,car
t1249,n442,n619,33322,car
t1250,n961,n609,33323,car
t1251,n1120,n1054,33332,car
t1252,n828,n1021,33332,car
t1253,n675,n109,33333,car
t1254,n88,n1163,33333,car
t1255,n64,n124,33334,car
t1256,n431,n441,33335,car
t1257,n1040,n317,33341,car
t1258,n951,n497,33343,car
t1259,n896,n73,33348,car
t1260,n462,n43,33355,car
t1261,n425,n451,33364,car
t1262,n882,n342,33364,car
t1263,n978,n304,33364,car
t1264,n259,n408,33366,car
t1265,n707,n460,33367,car
t1266,n1116,n1183,33369,car
t1267,n1134,n448,33369,car
t1268,n204,n1000,33379,car
t1269,n480,n932,33382,car
t1270,n102,n1008,33383,car
t1271,n385,n1079,33386,car
t1272,n18,n60,33390,car
t1273,n663,n903,33394,car
t1274,n52,n210,33395,car
t1275,n926,n477,33395,car
t1276,n162,n1043,33398,car
t1277,n959,n114,33404,car
t1278,n158,n1186,33412,car
t1279,n959,n707,33419,car
t1280,n886,n243,33420,car
t1281,n256,n9,33425,car
t1282,n214,n463,33427,car
t1283,n292,n392,33431,car
t1284,n941,n706,33440,car
t1285,n702,n210,33440,car
t1286,n923,n585,33440,car
t1287,n497,n895,33443,car
t1288,n1177,n162,33448,car
t1289,n650,n296,33448,car
t1290,n208,n285,33453,car
t1291,n1175,n703,33453,car
t1292,n381,n384,33457,car
t1293,n368,n1189,33460,car
t1294,n251,n1087,33466,car
t1295,n847,n1152,33466,car
t1296,n85,n14,33470,car
t1297,n1123,n428,33471,car
t1298,n594,n1051,33472,car
t1299,n1014,n839,33482,car
t1300,n252,n810,33486,car
t1301,n187,n330,33491,car
t1302,n483,n252,33497,car
t1303,n605,n823,33498,car
t1304,n124,n426,33504,car
t1305,n1140,n123,33513,car
t1306,n121,n612,33522,car
t1307,n1062,n612,33523,car
t1308,n189,n1151,33534,car
t1309,n9,n854,33536,car
t1310,n175,n684,33537,car
t1311,n38,n574,33546,car
t1312,n219,n369,33546,car
t1313,n559,n1053,33553,car
t1314,n665,n1164,33555,car
t1315,n457,n417,33560,car
t1316,n20,n328,33560,car
t1317,n242,n663,33570,car
t1318,n310,n350,33571,car
t1319,n478,n628,33573,car
t1320,n1127,n441,33576,car
t1321,n851,n970,33583,car
t1322,n96,n118,33583,car
t1323,n699,n737,33589,car
t1324,n1155,n1156,33590,car
t1325,n178,n611,33597,car
t1326,n408,n1058,33602,car
t1327,n136,n163,33610,car
t1328,n969,n972,33613,car
t1329,n339,n1117,33614,car
t1330,n1193,n870,33620,car
t1331,n332,n242,33621,car
t1332,n123,n238,33623,car
t1333,n831,n298,33627,car
t1334,n620,n1024,33628,car
t1335,n146,n650,33628,car
t1336,n402,n749,33629,car
t1337,n36,n333,33631,car
t1338,n549,n1099,33638,car
t1339,n1080,n1161,33651,car
t1340,n952,n237,33653,car
t1341,n385,n101,33665,car
t1342,n382,n327,33670,car
t1343,n540,n927,33670,car
t1344,n1140,n691,33679,car
t1345,n622,n1062,33683,car
t1346,n357,n901,33686,car
t1347,n80,n1051,33699,car
t1348,n605,n1183,33700,car
t1349,n86,n438,33703,car
t1350,n1068,n1067,33705,car
t1351,n90,n126,33715,car
t1352,n115,n832,33715,car
t1353,n257,n827,33716,car
t1354,n235,n427,33723,car
t1355,n61,n663,33726,car
t1356,n708,n469,33730,car
t1357,n684,n104,33733,car
t1358,n418,n601,33735,car
t1359,n969,n202,33737,car
t1360,n331,n1099,33747,car
t1361,n422,n907,33753,car
t1362,n88,n453,33754,car
t1363,n371,n27,33756,car
t1364,n575,n937,33764,car
t1365,n361,n216,33767,car
t1366,n321,n582,33772,car
t1367,n142,n1117,33773,car
t1368,n916,n347,33774,car
t1369,n1039,n558,33776,car
t1370,n454,n804,33777,car
t1371,n1128,n1067,33779,car
t1372,n961,n1047,33781,car
t1373,n130,n518,33783,car
t1374,n1188,n1194,33788,car
t1375,n266,n185,33792,car
t1376,n879,n29,33793,car
t1377,n43,n8,33795,car
t1378,n360,n645,33798,car
t1379,n41,n43,33801,car
t1380,n325,n1180,33806,car
t1381,n1173,n488,33807,car
t1382,n718,n79,33812,car
t1383,n989,n257,33812,car
t1384,n967,n1020,33815,car
t1385,n658,n8,33818,car
t1386,n991,n567,33819,car
t1387,n492,n587,33819,car
t1388,n733,n174,33823,car
t1389,n555,n956,33827,car
t1390,n504,n574,33829,car
t1391,n948,n585,33834,car
t1392,n702,n1106,33834,car
t1393,n577,n374,33836,car
t1394,n350,n538,33848,car
t1395,n900,n1164,33849,car
t1396,n145,n642,33850,car
t1397,n405,n1089,33866,car
t1398,n1075,n468,33867,car
t1399,n1130,n418,33871,car
t1400,n1085,n826,33871,car
t1401,n1095,n119,33873,car
t1402,n1126,n251,33885,car
t1403,n555,n310,33886,car
t1404,n934,n23,33890,car
t1405,n345,n161,33890,car
t1406,n782,n538,33893,car
t1407,n617,n929,33895,car
t1408,n1144,n1060,33901,car
t1409,n1157,n952,33905,car
t1410,n262,n745,33908,car
t1411,n701,n749,33909,car
t1412,n1182,n612,33919,car
t1413,n529,n1058,33922,car
t1414,n456,n180,33922,car
t1415,n975,n700,33923,car
t1416,n974,n954,33924,car
t1417,n870,n168,33927,car
t1418,n974,n328,33927,car
t1419,n301,n225,33930,car
t1420,n1016,n723,33930,car
t1421,n212,n303,33934,car
t1422,n610,n303,33937,car
t1423,n567,n244,33945,car
t1424,n585,n68,33945,car
t1425,n1179,n404,33947,car
t1426,n229,n652,33950,car
t1427,n522,n928,33951,car
t1428,n589,n334,33953,car
t1429,n581,n436,33955,car
t1430,n494,n1158,33955,car
t1431,n15,n941,33959,car
t1432,n449,n194,33960,car
t1433,n1189,n826,33961,car
t1434,n273,n458,33964,car
t1435,n827,n1170,33964,car
t1436,n1092,n528,33970,car
t1437,n106,n270,33972,car
t1438,n391,n366,33979,car
t1439,n658,n906,33991,car
t1440,n740,n392,33996,car
t1441,n26,n571,33996,car
t1442,n1170,n716,33998,car
t1443,n355,n1167,34001,car
t1444,n1101,n570,34001,car
t1445,n119,n995,34002,car
t1446,n911,n904,34003,car
t1447,n1070,n792,34013,car
t1448,n724,n89,34013,car
t1449,n1128,n1161,34015,car
t1450,n1000,n991,34016,car
t1451,n43,n949,34021,car
t1452,n158,n525,34024,car
t1453,n453,n305,34027,car
t1454,n209,n328,34029,car
t1455,n165,n965,34030,car
t1456,n224,n963,34041,car
t1457,n413,n1019,34043,car
t1458,n520,n123,34047,car
t1459,n1171,n1000,34049,car
t1460,n19,n727,34057,car
t1461,n667,n147,34066,car
t1462,n167,n785,34071,car
t1463,n424,n201,34071,car
t1464,n313,n343,34073,car
t1465,n598,n999,34078,car
t1466,n400,n244,34080,car
t1467,n1161,n1021,34080,car
t1468,n253,n304,34081,car
t1469,n620,n786,34082,car
t1470,n99,n1179,34083,car
t1471,n350,n1157,34083,car
t1472,n892,n1185,34094,car
t1473,n912,n903,34099,car
t1474,n997,n956,34104,car
t1475,n52,n570,34111,car
t1476,n364,n592,34114,car
t1477,n670,n625,34115,car
t1478,n1106,n476,34121,car
t1479,n654,n190,34124,car
t1480,n431,n1027,34126,car
t1481,n68,n353,34130,car
t1482,n642,n1094,34134,car
t1483,n157,n794,34138,car
t1484,n715,n103,34139,car
t1485,n1193,n494,34142,car
t1486,n653,n652,34144,car
t1487,n682,n147,34145,car
t1488,n688,n735,34149,car
t1489,n186,n482,34151,car
t1490,n860,n466,34158,car
t1491,n347,n230,34162,car
t1492,n1189,n870,34165,car
t1493,n283,n1171,34165,car
t1494,n460,n750,34167,car
t1495,n719,n0,34168,car
t1496,n931,n544,34171,car
t1497,n762,n889,34172,car
t1498,n727,n434,34175,car
t1499,n998,n236,34183,car
t1500,n495,n861,34193,car
t1501,n926,n1085,34197,car
t1502,n1039,n356,34202,car
t1503,n528,n198,34203,car
t1504,n1173,n1117,34209,car
t1505,n407,n55,34210,car
t1506,n153,n1166,34211,car
t1507,n1004,n1151,34219,car
t1508,n61,n313,34219,car
t1509,n64,n778,34219,car
t1510,n144,n142,34220,car
t1511,n148,n57,34223,car
t1512,n939,n100,34225,car
t1513,n247,n10,34234,car
t1514,n204,n1013,34238,car
t1515,n380,n635,34240,car
t1516,n454,n931,34244,car
t1517,n770,n1027,34247,car
t1518,n992,n711,34250,car
t1519,n514,n901,34250,car
t1520,n104,n688,34250,car
t1521,n353,n1141,34251,car
t1522,n961,n85,34253,car
t1523,n839,n194,34253,car
t1524,n404,n123,34263,car
t1525,n49,n371,34268,car
t1526,n619,n463,34269,car
t1527,n161,n555,34275,car
t1528,n451,n500,34275,car
t1529,n714,n21,34288,car
t1530,n1103,n703,34289,car
t1531,n273,n432,34296,car
t1532,n181,n941,34297,car
t1533,n866,n1045,34306,car
t1534,n892,n1180,34308,car
t1535,n1002,n547,34320,car
t1536,n404,n964,34322,car
t1537,n944,n314,34323,car
t1538,n867,n1164,34331,car
t1539,n468,n606,34333,car
t1540,n464,n604,34344,car
t1541,n70,n40,34347,car
t1542,n502,n463,34349,car
t1543,n586,n1176,34353,car
t1544,n855,n461,34353,car
t1545,n1114,n176,34359,car
t1546,n63,n643,34368,car
t1547,n284,n1055,34376,car
t1548,n771,n523,34383,car
t1549,n564,n642,34394,car
t1550,n894,n1009,34397,car
t1551,n104,n463,34398,car
t1552,n61,n791,34406,car
t1553,n189,n401,34409,car
t1554,n618,n442,34414,car
t1555,n1058,n1127,34414,car
t1556,n823,n290,34425,car
t1557,n303,n369,34428,car
t1558,n954,n189,34432,car
t1559,n752,n742,34432,car
t1560,n226,n441,34436,car
t1561,n525,n581,34444,car
t1562,n1112,n103,34446,car
t1563,n432,n699,34458,car
t1564,n592,n1158,34459,car
t1565,n230,n968,34460,car
t1566,n120,n19,34471,car
t1567,n1074,n532,34473,car
t1568,n1045,n82,34473,car
t1569,n174,n800,34474,car
t1570,n400,n200,34474,car
t1571,n487,n488,34479,car
t1572,n749,n955,34480,car
t1573,n32,n405,34487,car
t1574,n1087,n110,34492,car
t1575,n1019,n708,34495,car
t1576,n35,n773,34495,car
t1577,n164,n574,34502,car
t1578,n1190,n741,34503,car
t1579,n249,n204,34504,car
t1580,n742,n1188,34521,car
t1581,n247,n286,34522,car
t1582,n958,n957,34525,car
t1583,n88,n501,34526,car
t1584,n199,n690,34531,car
t1585,n594,n701,34535,car
t1586,n650,n1040,34536,car
t1587,n723,n188,34538,car
t1588,n771,n32,34539,car
t1589,n1117,n1037,34540,car
t1590,n1052,n391,34541,car
t1591,n387,n453,34543,car
t1592,n1178,n490,34544,car
t1593,n567,n2,34546,car
t1594,n741,n1,34550,car
t1595,n625,n7,34551,car
t1596,n1056,n432,34554,car
t1597,n473,n290,34556,car
t1598,n721,n16,34557,car
t1599,n968,n201,34565,car
t1600,n36,n10,34566,car
t1601,n879,n1132,34575,car
t1602,n558,n754,34577,car
t1603,n697,n820,34586,car
t1604,n590,n989,34588,car
t1605,n267,n1067,34590,car
t1606,n1087,n395,34591,car
t1607,n436,n1098,34592,car
t1608,n726,n1148,34593,car
t1609,n686,n1050,34594,car
t1610,n253,n634,34595,car
t1611,n26,n238,34600,car
t1612,n1070,n1173,34603,car
t1613,n333,n790,34610,car
t1614,n1176,n711,34610,car
t1615,n671,n367,34611,car
t1616,n233,n403,34613,car
t1617,n837,n492,34618,car
t1618,n23,n349,34618,car
t1619,n778,n822,34620,car
t1620,n1073,n869,34624,car
t1621,n391,n488,34628,car
t1622,n233,n1048,34628,car
t1623,n645,n116,34634,car
t1624,n270,n914,34635,car
t1625,n866,n45,34636,car
t1626,n759,n1078,34642,car
t1627,n1141,n1059,34646,car
t1628,n420,n1081,34649,car
t1629,n935,n92,34656,car
t1630,n1019,n1169,34663,car
t1631,n1122,n100,34668,car
t1632,n1101,n1069,34669,car
t1633,n467,n562,34674,car
t1634,n733,n169,34675,car
t1635,n1125,n496,34676,car
t1636,n649,n210,34685,car
t1637,n973,n451,34696,car
t1638,n594,n689,34696,car
t1639,n1187,n490,34698,car
t1640,n88,n827,34700,car
t1641,n240,n626,34702,car
t1642,n430,n194,34702,car
t1643,n342,n1180,34704,car
t1644,n1129,n854,34707,car
t1645,n37,n1187,34708,car
t1646,n914,n770,34717,car
t1647,n1118,n360,34719,car
t1648,n172,n299,34723,car
t1649,n1152,n992,34732,car
t1650,n108,n1186,34735,car
t1651,n400,n330,34736,car
t1652,n650,n247,34737,car
t1653,n125,n570,34742,car
t1654,n464,n151,34743,car
t1655,n117,n187,34750,car
t1656,n973,n203,34752,car
t1657,n527,n499,34757,car
t1658,n320,n1144,34766,car
t1659,n962,n424,34768,car
t1660,n667,n240,34770,car
t1661,n999,n49,34770,car
t1662,n16,n283,34773,car
t1663,n866,n838,34777,car
t1664,n371,n1111,34777,car
t1665,n722,n798,34778,car
t1666,n1005,n962,34784,car
t1667,n1163,n561,34784,car
t1668,n653,n503,34785,car
t1669,n128,n542,34785,car
t1670,n817,n826,34792,car
t1671,n947,n198,34793,car
t1672,n219,n280,34793,car
t1673,n227,n411,34799,car
t1674,n252,n102,34805,car
t1675,n371,n575,34810,car
t1676,n9,n668,34814,car
t1677,n974,n144,34820,car
t1678,n65,n520,34821,car
t1679,n248,n1022,34821,car
t1680,n532,n292,34822,car
t1681,n966,n995,34827,car
t1682,n252,n408,34834,car
t1683,n83,n527,34834,car
t1684,n79,n941,34836,car
t1685,n1173,n24,34836,car
t1686,n34,n894,34841,car
t1687,n57,n1061,34844,car
t1688,n357,n1107,34844,car
t1689,n485,n919,34845,car
t1690,n504,n461,34845,car
t1691,n628,n165,34846,car
t1692,n350,n562,34846,car
t1693,n4,n720,34847,car
t1694,n1144,n872,34852,car
t1695,n430,n453,34853,car
t1696,n297,n753,34853,car
t1697,n912,n548,34857,car
t1698,n524,n556,34857,car
t1699,n246,n986,34863,car
t1700,n90,n134,34864,car
t1701,n1029,n575,34870,car
t1702,n424,n139,34874,car
t1703,n365,n276,34882,car
t1704,n1157,n820,34884,car
t1705,n594,n1033,34884,car
t1706,n767,n96,34886,car
t1707,n925,n447,34889,car
t1708,n237,n309,34904,car
t1709,n118,n585,34911,car
t1710,n259,n771,34911,car
t1711,n206,n953,34916,car
t1712,n572,n262,34916,car
t1713,n361,n1161,34917,car
t1714,n195,n834,34927,car
t1715,n916,n308,34929,car
t1716,n643,n768,34930,car
t1717,n948,n52,34930,car
t1718,n394,n703,34932,car
t1719,n702,n34,34933,car
t1720,n641,n875,34937,car
t1721,n978,n689,34952,car
t1722,n950,n32,34958,car
t1723,n633,n26,34964,car
t1724,n84,n233,34967,car
t1725,n133,n312,34972,car
t1726,n176,n92,34975,car
t1727,n967,n1182,34984,car
t1728,n101,n1093,34987,car
t1729,n67,n155,34999,car
t1730,n742,n981,35001,car
t1731,n246,n648,35004,car
t1732,n571,n201,35005,car
t1733,n358,n186,35007,car
t1734,n490,n110,35011,car
t1735,n539,n767,35014,car
t1736,n87,n1149,35014,car
t1737,n585,n228,35020,car
t1738,n829,n755,35023,car
t1739,n682,n533,35024,car
t1740,n1040,n1188,35031,car
t1741,n1190,n938,35035,car
t1742,n649,n1154,35040,car
t1743,n823,n642,35048,car
t1744,n1116,n377,35051,car
t1745,n719,n1037,35060,car
t1746,n1113,n1185,35061,car
t1747,n148,n793,35066,car
t1748,n1035,n587,35069,car
t1749,n588,n168,35069,car
t1750,n1164,n942,35074,car
t1751,n805,n1193,35076,car
t1752,n445,n271,35077,car
t1753,n705,n113,35081,car
t1754,n230,n156,35083,car
t1755,n704,n11,35084,car
t1756,n816,n931,35085,car
t1757,n838,n235,35086,car
t1758,n685,n564,35093,car
t1759,n1084,n789,35097,car
t1760,n273,n828,35100,car
t1761,n772,n951,35102,car
t1762,n963,n868,35102,car
t1763,n814,n127,35103,car
t1764,n1168,n460,35116,car
t1765,n147,n68,35117,car
t1766,n1057,n499,35125,car
t1767,n422,n203,35126,car
t1768,n52,n845,35129,car
t1769,n308,n793,35131,car
t1770,n354,n1184,35136,car
t1771,n851,n987,35137,car
t1772,n59,n857,35154,car
t1773,n116,n542,35158,car
t1774,n633,n918,35158,car
t1775,n320,n403,35161,car
t1776,n261,n529,35164,car
t1777,n986,n1148,35167,car
t1778,n19,n1085,35169,car
t1779,n256,n431,35172,car
t1780,n645,n1171,35176,car
t1781,n566,n632,35181,car
t1782,n911,n385,35184,car
t1783,n171,n203,35188,car
t1784,n555,n930,35196,car
t1785,n999,n637,35205,car
t1786,n415,n963,35207,car
t1787,n739,n386,35210,car
t1788,n665,n312,35215,car
t1789,n791,n436,35226,car
t1790,n960,n105,35228,car
t1791,n332,n790,35236,car
t1792,n416,n545,35236,car
t1793,n29,n1179,35242,car
t1794,n718,n701,35244,car
t1795,n603,n500,35257,car
t1796,n20,n156,35258,car
t1797,n1095,n280,35260,car
t1798,n83,n578,35262,car
t1799,n1131,n214,35262,car
t1800,n85,n976,35269,car
t1801,n430,n230,35269,car
t1802,n402,n983,35271,car
t1803,n927,n195,35273,car
t1804,n879,n1164,35276,car
t1805,n280,n1004,35283,car
t1806,n617,n464,35288,car
t1807,n756,n558,35290,car
t1808,n908,n404,35291,car
t1809,n906,n1170,35291,car
t1810,n449,n362,35291,car
t1811,n265,n287,35308,car
t1812,n272,n61,35310,car
t1813,n1164,n899,35314,car
t1814,n1185,n892,35317,car
t1815,n929,n136,35318,car
t1816,n329,n1125,35321,car
t1817,n617,n341,35321,car
t1818,n997,n182,35322,car
t1819,n830,n1061,35327,car
t1820,n534,n535,35334,car
t1821,n362,n1030,35338,car
t1822,n351,n1065,35342,car
t1823,n840,n410,35344,car
t1824,n452,n431,35344,car
t1825,n312,n645,35353,car
t1826,n861,n762,35366,car
t1827,n98,n1187,35370,car
t1828,n1004,n969,35372,car
t1829,n892,n658,35373,car
t1830,n428,n257,35379,car
t1831,n974,n157,35383,car
t1832,n211,n215,35384,car
t1833,n788,n60,35395,car
t1834,n176,n161,35398,car
t1835,n836,n920,35406,car
t1836,n55,n1140,35408,car
t1837,n1091,n1137,35413,car
t1838,n1196,n750,35418,car
t1839,n1077,n632,35419,car
t1840,n122,n535,35423,car
t1841,n123,n124,35423,car
t1842,n245,n563,35424,car
t1843,n201,n464,35424,car
t1844,n491,n232,35425,car
t1845,n86,n949,35426,car
t1846,n428,n437,35432,car
t1847,n1189,n811,35434,car
t1848,n855,n992,35438,car
t1849,n387,n680,35444,car
t1850,n930,n305,35447,car
t1851,n555,n571,35450,car
t1852,n577,n368,35463,car
t1853,n82,n725,35470,car
t1854,n854,n401,35472,car
t1855,n753,n1151,35473,car
t1856,n250,n668,35479,car
t1857,n38,n1090,35482,car
t1858,n1130,n572,35500,car
t1859,n58,n626,35501,car
t1860,n1004,n770,35507,car
t1861,n197,n280,35508,car
t1862,n204,n322,35510,car
t1863,n234,n1084,35514,car
t1864,n729,n715,35524,car
t1865,n403,n579,35524,car
t1866,n652,n406,35530,car
t1867,n492,n126,35538,car
t1868,n567,n82,35538,car
t1869,n587,n767,35542,car
t1870,n342,n849,35545,car
t1871,n419,n1159,35547,car
t1872,n1186,n137,35550,car
t1873,n1154,n497,35555,car
t1874,n232,n849,35563,car
t1875,n582,n900,35563,car
t1876,n699,n451,35573,car
t1877,n216,n150,35574,car
t1878,n159,n414,35577,car
t1879,n538,n8,35578,car
t1880,n318,n525,35585,car
t1881,n1154,n199,35587,car
t1882,n78,n1154,35590,car
t1883,n92,n501,35594,car
t1884,n167,n314,35594,car
t1885,n1151,n538,35595,car
t1886,n1009,n94,35597,car
t1887,n213,n1144,35601,car
t1888,n1017,n517,35603,car
t1889,n753,n35,35604,car
t1890,n360,n237,35606,car
t1891,n1163,n92,35613,car
t1892,n407,n229,35614,car
t1893,n835,n189,35617,car
t1894,n503,n609,35623,car
t1895,n342,n171,35624,car
t1896,n849,n968,35625,car
t1897,n1147,n596,35637,car
t1898,n585,n98,35640,car
t1899,n660,n1057,35654,car
t1900,n22,n13,35659,car
t1901,n519,n206,35660,car
t1902,n1042,n244,35661,car
t1903,n1047,n1046,35662,car
t1904,n577,n482,35662,car
t1905,n1144,n1092,35668,car
t1906,n549,n1136,35669,car
t1907,n1078,n439,35669,car
t1908,n155,n383,35669,car
t1909,n554,n809,35671,car
t1910,n428,n1132,35676,car
t1911,n597,n452,35681,car
t1912,n226,n1027,35685,car
t1913,n174,n777,35687,car
t1914,n793,n1059,35689,car
t1915,n126,n398,35689,car
t1916,n48,n490,35695,car
t1917,n854,n1100,35695,car
t1918,n914,n924,35701,car
t1919,n393,n87,35702,car
t1920,n978,n441,35702,car
t1921,n956,n524,35706,car
t1922,n1145,n723,35710,car
t1923,n925,n378,35711,car
t1924,n829,n656,35712,car
t1925,n1179,n889,35713,car
t1926,n190,n996,35720,car
t1927,n447,n621,35726,car
t1928,n632,n219,35727,car
t1929,n431,n83,35729,car
t1930,n418,n220,35729,car
t1931,n1077,n979,35729,car
t1932,n384,n687,35734,car
t1933,n394,n216,35734,car
t1934,n552,n551,35736,car
t1935,n817,n825,35743,car
t1936,n18,n482,35752,car
t1937,n538,n111,35764,car
t1938,n604,n89,35765,car
t1939,n458,n1057,35766,car
t1940,n655,n703,35767,car
t1941,n976,n488,35770,car
t1942,n1096,n83,35772,car
t1943,n105,n1187,35784,car
t1944,n1070,n1060,35796,car
t1945,n1190,n823,35798,car
t1946,n588,n396,35800,car
t1947,n520,n601,35802,car
t1948,n342,n181,35804,car
t1949,n163,n78,35805,car
t1950,n554,n724,35805,car
t1951,n964,n965,35812,car
t1952,n320,n973,35813,car
t1953,n103,n756,35817,car
t1954,n534,n918,35821,car
t1955,n1121,n838,35828,car
t1956,n1085,n7,35829,car
t1957,n722,n1156,35829,car
t1958,n1104,n538,35844,car
t1959,n513,n869,35845,car
t1960,n771,n761,35853,car
t1961,n598,n174,35856,car
t1962,n17,n756,35857,car
t1963,n477,n1167,35857,car
t1964,n933,n936,35857,car
t1965,n920,n393,35862,car
t1966,n682,n738,35864,car
t1967,n1119,n125,35868,car
t1968,n335,n596,35869,car
t1969,n378,n1172,35872,car
t1970,n458,n244,35875,car
t1971,n421,n532,35877,car
t1972,n148,n205,35883,car
t1973,n103,n731,35885,car
t1974,n1089,n1181,35886,car
t1975,n611,n569,35888,car
t1976,n745,n1119,35902,car
t1977,n108,n889,35902,car
t1978,n488,n408,35903,car
t1979,n499,n253,35905,car
t1980,n196,n704,35906,car
t1981,n228,n983,35916,car
t1982,n762,n407,35929,car
t1983,n1152,n503,35932,car
t1984,n1186,n782,35938,car
t1985,n125,n507,35945,car
t1986,n1071,n268,35950,car
t1987,n1114,n177,35955,car
t1988,n793,n1146,35956,car
t1989,n449,n297,35968,car
t1990,n468,n292,35972,car
t1991,n952,n309,35975,car
t1992,n479,n1110,35976,car
t1993,n52,n549,35979,car
t1994,n955,n70,35980,car
t1995,n30,n132,35982,car
t1996,n351,n1058,35982,car
t1997,n1153,n770,35986,car
t1998,n641,n349,35987,car
t1999,n1015,n924,35996,car
